date,close,direction,reversal_prob,confidence,regime,adelic_score,koopman_score,sweep_score,instability,ipda_20d_pos,n_breakers,fwd_5bar_ret,signal_ret,cum_ret
2024-08-09,1.0541809475134503,NEUTRAL,0.09062282891676295,0.0,consolidation,0.0767999999992944,0.6572482981196952,0.0,0.09375,0.5689189948548797,0,-0.0038322460995661475,0.0,0.0
2024-08-12,1.0476968710219627,NEUTRAL,0.07934184952490878,0.0,consolidation,0.12039999999999959,0.7154182833844408,0.0,0.0,0.36941162000915206,0,0.006396643686688198,0.0,0.0
2024-08-13,1.0484502075910247,NEUTRAL,0.1139666640877478,0.0,reversal,0.13799999999919,0.7187141551728279,0.0,0.0,0.3825652920569486,0,0.01378426063501211,0.0,0.0
2024-08-14,1.0511124888380747,NEUTRAL,0.11724891563872193,0.0,reversal,0.1291999999997884,0.7070458780578983,0.0,0.03125,0.4658325953777617,0,0.012970543413430484,0.0,0.0
2024-08-15,1.0477006286938093,NEUTRAL,0.09127147890842571,0.0,expansion,0.12039999999999959,0.7072663476624643,0.0,0.0,0.3591209570654919,0,0.017278167439370135,0.0,0.0
2024-08-16,1.050141066689105,NEUTRAL,0.12013377691904539,0.0,distribution,0.12039999999999959,0.7088950134324867,0.0,0.0,0.4354497412670415,0,0.020319649271622556,0.0,0.0
2024-08-19,1.0543986145975484,NEUTRAL,0.12482105017528705,0.0,distribution,0.1263999999998976,0.7188819795836325,0.0,0.03125,0.568611680295113,0,0.02026932091191341,0.0,0.0
2024-08-20,1.062902318515292,NEUTRAL,0.1251559571114055,0.0,distribution,0.0635999999999676,0.6538215576511814,0.0,0.09375,0.8345792576326825,0,0.012591427155385247,0.0,0.0
2024-08-21,1.064745989006948,NEUTRAL,0.15632037132848878,0.0,retracement,0.52,0.6288619854572189,0.0,0.15625,0.8922431390210446,0,0.01394692706395901,0.0,0.0
2024-08-22,1.0658029755827143,NEUTRAL,0.1034850227694272,0.0,consolidation,0.1207999999999984,0.6189004156704674,0.0,0.1875,0.9182573778106685,0,0.01460001547530318,0.0,0.0
2024-08-23,1.071479564849955,NEUTRAL,0.11570239941006241,0.0,accumulation,0.00199999999999,0.6119015101531659,0.0,0.15625,0.9962108388090295,0,0.012643145312639473,0.0,0.0
2024-08-26,1.075770558485903,NEUTRAL,0.12173607967236384,0.0,accumulation,0.026399999998257595,0.6156059595046313,0.0,0.1875,0.9212213648281203,0,0.0074232410299996665,0.0,0.0
2024-08-27,1.0762857756321673,NEUTRAL,0.10999731531165859,0.0,accumulation,0.0003999999999996,0.6730531927264717,0.0,0.03125,0.9113419736576398,0,0.009196118696504232,0.0,0.0
2024-08-28,1.0795959236572708,HALT,0.09871456463912047,0.0,retracement,0.0015999999999936005,0.6714511517267033,0.0,0.0625,0.9891395455981115,1,0.01014559117461501,0.0,0.0
2024-08-29,1.0813637155198461,HALT,0.08279127771198509,0.0,consolidation,0.0007999999999984001,0.6996557043503487,0.0,0.0,0.9763248458343985,1,0.008756379203584824,0.0,0.0
2024-08-30,1.0850264366878768,HALT,0.1013731598783752,0.0,consolidation,0.19999999995099998,0.6711734793866799,0.0,0.09375,0.989762673846823,0,0.00010089729135392595,0.0,0.0
2024-09-02,1.0837562626345212,HALT,0.09159410397702673,0.0,expansion,0.0607999999999984,0.6420903442817438,0.0,0.0625,0.9624639625576333,0,0.0009513684105867602,0.0,0.0
2024-09-03,1.0861834273762399,HALT,0.09043439684393222,0.0,expansion,0.0607999999999984,0.6448009409895736,0.0,0.0625,0.9810711229516277,0,-0.0030307884232769443,0.0,0.0
2024-09-04,1.0905490625324783,HALT,0.1091082476342694,0.0,distribution,0.00599999999991,0.6135259777959008,0.0,0.125,0.9907845509115288,0,-0.00568633118894154,0.0,0.0
2024-09-05,1.0908325462699353,HALT,0.10971115040617341,0.0,distribution,0.0431999999953344,0.6499548412178847,0.0,0.09375,0.9087664067259832,0,-0.0026233293014891017,0.0,0.0
2024-09-06,1.085135912916386,HALT,0.1058949177463446,0.0,distribution,0.061199999999996396,0.6639764690028431,0.0,0.03125,0.7944409139490309,0,0.011707083844189926,0.0,0.0
2024-09-09,1.0847873141075672,HALT,0.10803278552359336,0.0,distribution,0.0983999999963136,0.6564658132901517,0.0,0.03125,0.787444899263474,0,0.012060618414667218,0.0,0.0
2024-09-10,1.0828914352189927,HALT,0.13043880055022436,0.0,retracement,0.52,0.6668713188146516,0.0,0.0,0.7439268436593707,0,0.012966491926506077,0.0,0.0
2024-09-11,1.084347839385129,HALT,0.084930948638503,0.0,expansion,0.1227999999999804,0.6822754454885074,0.0,0.0,0.7737933070031093,0,0.012373882590827988,0.0,0.0
2024-09-12,1.0879709332882874,HALT,0.11008100343319265,0.0,expansion,0.46,0.6797677671137052,0.0,0.0,0.8446321045812532,0,0.0005259545488104692,0.0,0.0
2024-09-13,1.0978396900312397,HALT,0.07895340435014418,0.0,expansion,0.0087999999998064,0.6431333759400129,0.0,0.0625,0.9925494037076161,0,-0.012225451739357207,0.0,0.0
2024-09-16,1.0978705199640904,HALT,0.08719055862273321,0.0,retracement,0.0003999999999996,0.6542654864554562,0.0,0.09375,0.8906905497794237,0,-0.00915996328960964,0.0,0.0
2024-09-17,1.0969327382710423,HALT,0.08471702085954216,0.0,retracement,0.0027999999999804,0.6614007555971708,0.0,0.0625,0.8459418430399839,0,-0.007127353898401209,0.0,0.0
2024-09-18,1.0977654322372985,HALT,0.08598333474321951,0.0,retracement,0.0087999999998064,0.6229912795916108,0.0,0.09375,0.8602139695911358,0,-0.008100998622981985,0.0,0.0
2024-09-19,1.088543156549624,HALT,0.1009387354850446,0.0,distribution,0.07399999999951,0.6397493143147606,0.0,0.09375,0.6079838450185874,0,-0.0005889404199849411,0.0,0.0
2024-09-20,1.084418103883212,HALT,0.10948838591668213,0.0,reversal,0.1215999999999936,0.6549126488336505,0.0,0.03125,0.40782108369464715,0,-0.004269633868402411,0.0,0.0
2024-09-23,1.0878140663044746,HALT,0.11925533451115615,0.0,distribution,0.29759999996542563,0.6048308145929445,0.0,0.125,0.45391197554886287,0,-0.008508783081279742,0.0,0.0
2024-09-24,1.0891145104426423,HALT,0.09786631180502661,0.0,distribution,0.12039999999999959,0.6530259395985887,0.0,0.03125,0.4765537404110212,0,-0.007538043724464579,0.0,0.0
2024-09-25,1.088872435982387,HALT,0.09195269975862197,0.0,retracement,0.12039999999999959,0.6286183653934247,0.0,0.03125,0.40700957062934073,0,-0.015448003661594099,0.0,0.0
2024-09-26,1.087902069485834,HALT,0.097303087795697,0.0,retracement,0.22119999997439638,0.6325541498470166,0.0,0.03125,0.359705916510995,0,-0.018433987237057498,0.0,0.0
2024-09-27,1.0797880356193634,HALT,0.07987830864672579,0.0,expansion,0.0007999999999984001,0.574280600455044,0.0,0.15625,0.022659726956999814,0,-0.013385540883805412,0.0,0.0
2024-09-30,1.078558092381525,HALT,0.07026558697540355,0.0,expansion,0.0007999999999984001,0.625517670279695,0.0,0.0625,0.016486845884185752,0,-0.011343974273210319,0.0,0.0
2024-10-01,1.0809047176419768,HALT,0.09835752511093453,0.0,reversal,0.0635999999999676,0.6228692228372756,0.0,0.03125,0.13115021277657432,0,-0.01832934196106276,0.0,0.0
2024-10-02,1.0720515306043221,HALT,0.06582947858376675,0.0,expansion,0.0003999999999996,0.6544768049189904,0.0,0.0,0.0717515341349277,0,-0.013547505539368244,0.0,0.0
2024-10-03,1.0678476966217636,HALT,0.0739966976950253,0.0,expansion,0.015199999999422405,0.6249604131702647,0.0,0.0625,0.02202489698819972,0,-0.008826609165344912,0.0,0.0
2024-10-04,1.0653344887227365,HALT,0.07664158154877528,0.0,expansion,0.061199999999996396,0.6460175486044373,0.0,0.0625,0.0,0,-0.01143871226815754,0.0,0.0
2024-10-07,1.0663229571293862,HALT,0.09416771205797686,0.0,distribution,0.0603999999999996,0.6217866145126189,0.0,0.0625,0.053598532879982584,0,-0.01497097247744983,0.0,0.0
2024-10-08,1.061092445444991,HALT,0.08925855807897243,0.0,distribution,0.032399999997375604,0.6426379568304632,0.0,0.03125,0.04685667749395737,0,-0.006283783165275187,0.0,0.0
2024-10-09,1.0575279065549719,HALT,0.09523069897081504,0.0,distribution,0.14999999997975,0.6139748725003851,0.0,0.09375,0.06321376906223178,0,0.0016573413555071713,0.0,0.0
2024-10-10,1.0584222223555695,HALT,0.09439844066709337,0.0,expansion,0.46,0.6402908119926667,0.0,0.03125,0.08155495443900583,0,-0.0016348272923564263,0.0,0.0
2024-10-11,1.0531484340368924,HALT,0.08935458472933105,0.0,reversal,0.0003999999999996,0.6084064286595138,0.0,0.0625,0.04287441292838102,0,-0.003389294495473411,0.0,0.0
2024-10-14,1.0503590654861292,HALT,0.08689627549084025,0.0,accumulation,0.1615999999956736,0.6611874385587388,0.0,0.0,0.03543004209554532,0,-0.00024009871050276798,0.0,0.0
2024-10-15,1.0544247705995031,HALT,0.08223095353730468,0.0,accumulation,0.0063999999998976004,0.6542953632566331,0.0,0.0,0.11368699075645364,0,-0.0002539176996188524,0.0,0.0
2024-10-16,1.0592805912891083,HALT,0.0960987400180588,0.0,distribution,0.1595999999960796,0.6458529607809992,0.0,0.0,0.21853547600936404,0,0.0008556478158127742,0.0,0.0
2024-10-17,1.056691884819626,HALT,0.08609183905457596,0.0,retracement,0.12039999999999959,0.6284879352327402,0.0,0.03125,0.19220526376505326,0,0.0075346923076344075,0.0,0.0
2024-10-18,1.0495790038464947,HALT,0.10402998714057865,0.0,accumulation,0.2823999999737856,0.6446421216344359,0.0,0.0,0.024941694907049967,0,0.013207715826714594,0.0,0.0
2024-10-21,1.0501068756289411,HALT,0.09944968337529912,0.0,distribution,0.1803999999999996,0.6442769927432801,0.0,0.0,0.03784937781795115,0,0.015865867399960976,0.0,0.0
2024-10-22,1.0541570334873314,HALT,0.07294728705733763,0.0,expansion,0.016799999999294404,0.6379376754568107,0.0,0.03125,0.13435193549352553,0,0.01266995563335956,0.0,0.0
2024-10-23,1.0601869624133777,HALT,0.09443854368750468,0.0,retracement,0.25679999995321445,0.6510291424975221,0.0,0.0,0.2791833353350687,0,0.003608106076009411,0.0,0.0
2024-10-24,1.0646537330357162,HALT,0.13455502247838563,0.0,distribution,0.52,0.6602266898312419,0.0,0.0,0.40969665035254216,0,8.600694065609584e-05,0.0,0.0
2024-10-25,1.0634415450669854,HALT,0.07925364375940415,0.0,expansion,0.1303999999997296,0.6535341352885372,0.0,0.0625,0.4477385115662181,0,0.002458720182954101,0.0,0.0
2024-10-28,1.0667677320734572,HALT,0.08780463426376782,0.0,retracement,0.1535999999971776,0.6584126512726318,0.0,0.03125,0.5539369434368203,0,0.006150312416498133,0.0,0.0
2024-10-29,1.0675131563322098,HALT,0.09338779419158949,0.0,distribution,0.06999999998775,0.641965592953131,0.0,0.03125,0.5865061182842644,0,0.006478878019856282,0.0,0.0
2024-10-30,1.0640122294341674,HALT,0.11083217654633735,0.0,consolidation,0.5800000000000001,0.6665308925225413,0.0,0.0,0.544045711585373,0,0.020313352626066625,0.0,0.0
2024-10-31,1.0647453006461527,HALT,0.13487224783440724,0.0,retracement,0.64,0.6747248370760979,0.0,0.0,0.5697864870026906,0,0.02794121315249667,0.0,0.0
2024-11-01,1.0660562502572335,HALT,0.11536208094559863,0.0,reversal,0.2427999999999804,0.6575541897541359,0.0,0.0,0.634402121518469,0,0.02685306269198225,0.0,0.0
2024-11-04,1.0733286869015481,HALT,0.07140622605096593,0.0,expansion,0.0003999999999996,0.6622148933607146,0.0,0.0,0.8867979059952502,0,0.021789200844012608,0.0,0.0
2024-11-05,1.074429443856678,HALT,0.08392403925221832,0.0,retracement,0.0543999999926016,0.658190485127932,0.0,0.0,0.926142365747801,0,0.018149609155939623,0.0,0.0
2024-11-06,1.085625885049111,HALT,0.09404610006360319,0.0,expansion,0.3135999999864576,0.6738010748306831,0.0,0.0,0.9301917352629451,0,0.011168914248145591,0.0,0.0
2024-11-07,1.094495576044626,HALT,0.09228575177222359,0.0,retracement,0.02199999999879,0.5711582644100677,0.0,0.15625,0.99696966734137,0,0.00499853869459028,0.0,0.0
2024-11-08,1.0946831255785705,HALT,0.10669392747176898,0.0,reversal,0.0011999999999964001,0.6226656978779846,0.0,0.0625,0.9788710421305512,0,0.008251536864162218,0.0,0.0
2024-11-11,1.0967156612320863,HALT,0.09170026092126955,0.0,accumulation,0.004399999999951601,0.658071098196112,0.0,0.0,0.9598815736061918,0,-4.610897119144487e-05,0.0,0.0
2024-11-12,1.0939299183283102,HALT,0.09812356624082787,0.0,accumulation,0.0003999999999996,0.6520089459705596,0.0,0.0,0.9032481141071506,0,0.00120373287482517,0.0,0.0
2024-11-13,1.0977511474647916,HALT,0.07755146668177093,0.0,consolidation,0.0087999999998064,0.6401583427577474,0.0,0.03125,0.9809327508495191,0,-0.0014791035348653459,0.0,0.0
2024-11-14,1.099966454532543,HALT,0.11313877428101517,0.0,consolidation,0.46,0.6381476793033198,0.0,0.03125,0.9635268792179752,0,-0.001195290657658266,0.0,0.0
2024-11-15,1.1037159437438584,HALT,0.09080062863198289,0.0,retracement,0.015599999999391604,0.6264102472513828,0.0,0.03125,0.9993124076943344,0,-0.009815183281318704,0.0,0.0
2024-11-18,1.0966650928012573,HALT,0.11782381954926929,0.0,reversal,0.0643999999999516,0.6207225011310804,0.0,0.03125,0.8678734910449699,0,0.004331008254970494,0.0,0.0
2024-11-19,1.0952467177337568,HALT,0.08297284517087575,0.0,expansion,0.0031999999999744,0.6382849001361084,0.0,0.03125,0.8284851939357959,0,0.010930847028008762,0.0,0.0
2024-11-20,1.096127459862174,HALT,0.10092762684844402,0.0,accumulation,0.0003999999999996,0.6298973723132009,0.0,0.03125,0.8289845123823136,0,0.007041193271425941,0.0,0.0
2024-11-21,1.0986516749057027,HALT,0.08959410113437787,0.0,expansion,0.0603999999999996,0.6258932955676876,0.0,0.03125,0.8855928188132305,0,0.0074900161555486264,0.0,0.0
2024-11-22,1.0928827694654988,HALT,0.09496009792052701,0.0,retracement,0.0011999999999964001,0.6398578940373323,0.0,0.03125,0.7562187515097094,0,0.015090072346565661,0.0,0.0
2024-11-25,1.1014147583711176,HALT,0.1296736973807129,0.0,reversal,0.0607999999999984,0.6525322899352297,0.0,0.0,0.9475580130645673,1,0.01599711598277647,0.0,0.0
2024-11-26,1.1072186920632332,HALT,0.1287973174909496,0.0,reversal,0.0255999999983616,0.5991045327797705,0.0,0.125,0.9900963398835515,1,0.00822950362108728,0.0,0.0
2024-11-27,1.1038455051571807,HALT,0.0840098183069377,0.0,expansion,0.0007999999999984001,0.6354325701388226,0.0,0.0,0.9205992393418627,0,0.009679283579703803,0.0,0.0
2024-11-28,1.106880593700067,HALT,0.09696721434993144,0.0,retracement,0.0003999999999996,0.6448515663099947,0.0,0.0,0.8673160376109562,0,0.008687527357420635,0.0,0.0
2024-11-29,1.1093744495230482,HALT,0.12082866238953274,0.0,reversal,0.0023999999999856003,0.6626434544059719,0.0,0.03125,0.9126791619862072,0,0.0107656579981082,0.0,0.0
2024-12-02,1.119034218005922,HALT,0.08109039394688775,0.0,consolidation,0.01199999999964,0.6258549876754829,0.0,0.03125,0.9404764522731205,0,0.001652733921631787,0.0,0.0
2024-12-03,1.116330552298903,HALT,0.08621464969378516,0.0,consolidation,0.0011999999999964001,0.635583625364697,0.0,0.0625,0.88217473644239,0,0.005850451919856697,0.0,0.0
2024-12-04,1.1145299388297785,HALT,0.09181336842502949,0.0,consolidation,0.00599999999991,0.6345910467586082,0.0,0.0625,0.7962313548432429,0,0.0075771256756857995,0.0,0.0
2024-12-05,1.1164966491392343,HALT,0.11180911042656236,0.0,consolidation,0.4,0.6492416388479568,0.0,0.0,0.8173094573203491,0,0.007813448313349229,0.0,0.0
2024-12-06,1.1213175954384529,HALT,0.08173534653015352,0.0,consolidation,0.0003999999999996,0.6455131354499404,0.0,0.03125,0.9794993174057443,0,0.0034465461057223345,0.0,0.0
2024-12-09,1.1208836838174872,HALT,0.0810527040903794,0.0,consolidation,0.004399999999951601,0.6383275349382311,0.0,0.03125,0.9509912711373294,0,0.009602106233847087,0.0,0.0
2024-12-10,1.122861590521795,HALT,0.08504479480301025,0.0,consolidation,0.022799999998700405,0.6118173172556546,0.0,0.09375,0.9782432285455476,0,0.002165213227233579,0.0,0.0
2024-12-11,1.122974872245606,HALT,0.12356499671778146,0.0,reversal,0.00399999999996,0.5902122289505158,0.0,0.09375,0.9678112011047871,0,0.006190048541667243,0.0,0.0
2024-12-12,1.1252203379993113,HALT,0.08249983184806839,0.0,expansion,0.0463999999946176,0.5837610331032159,0.0,0.09375,0.8427232431109827,0,0.005364690258253489,0.0,0.0
2024-12-13,1.1251822682302892,HALT,0.08158124921956918,0.0,expansion,0.0463999999946176,0.6140773111416458,0.0,0.09375,0.8417515672382458,0,0.00211399669705257,0.0,0.0
2024-12-16,1.1316465280252885,HALT,0.08679658731542243,0.0,expansion,0.1703999999695296,0.6049761093713798,0.0,0.0625,0.9656248912103117,0,-0.007590284755663935,0.0,0.0
2024-12-17,1.1252928252899452,HALT,0.09243572145160214,0.0,retracement,0.2051999999472924,0.6514193161558431,0.0,0.0,0.8100791464537977,0,-0.004075916627631395,0.0,0.0
2024-12-18,1.129926141215879,HALT,0.10830887009890536,0.0,reversal,0.0603999999999996,0.6500848561272183,0.0,0.0,0.9235078991687515,0,-0.008990354189467413,0.0,0.0
2024-12-19,1.131256796584965,HALT,0.0749033275211235,0.0,expansion,0.0707999999997084,0.6618746873295687,0.0,0.0,0.9560838299323023,0,-0.01131907333434697,0.0,0.0
2024-12-20,1.1275608998289102,HALT,0.09697787381764782,0.0,distribution,0.0615999999999936,0.6605237017835481,0.0,0.0,0.863329296067093,0,-0.010282390820305319,0.0,0.0
2024-12-23,1.1230570086348182,HALT,0.07978707457037061,0.0,expansion,0.0643999999999516,0.65376018562074,0.0,0.03125,0.6983869869528639,0,-0.008973822245671823,0.0,0.0
2024-12-24,1.1207062255523916,HALT,0.101875736256032,0.0,reversal,0.0027999999999804,0.6648891052668126,0.0,0.03125,0.6274393806736656,0,-0.008482050897389085,0.0,0.0
2024-12-25,1.11976770499841,HALT,0.07209630689261871,0.0,consolidation,0.0087999999998064,0.6657727616952354,0.0,0.03125,0.5451842756228089,0,-0.008204172037479533,0.0,0.0
2024-12-26,1.1184520179444413,HALT,0.07593718068572958,0.0,consolidation,0.00199999999999,0.6559685216945318,0.0,0.03125,0.44216231985214827,0,-0.009120979971125166,0.0,0.0
2024-12-27,1.1159668779831742,HALT,0.09065527369921726,0.0,expansion,0.20399999994815998,0.660105582068855,0.0,0.03125,0.27844084452656126,0,-0.00048760986249337936,0.0,0.0
2024-12-30,1.1129788946675734,HALT,0.10807181477431471,0.0,reversal,0.14399999998236002,0.634109906317103,0.0,0.09375,0.10255172114203653,0,-0.005902088483597752,0.0,0.0
2024-12-31,1.1112003383062354,HALT,0.07803133850000671,0.0,retracement,0.009599999999769602,0.6254460569941842,0.0,0.09375,0.07324396767102213,0,-0.012030301453628206,0.0,0.0
2025-01-01,1.1105809381045895,HALT,0.08814499295178774,0.0,accumulation,0.007199999999870402,0.6290202403873014,0.0,0.0625,0.1696454208330277,0,-0.01656328317694052,0.0,0.0
2025-01-02,1.1082506394901055,HALT,0.06401687387903442,0.0,consolidation,0.0003999999999996,0.6209453463063435,0.0,0.03125,0.15871172737806846,0,-0.012119966225590728,0.0,0.0
2025-01-03,1.1154227215272536,HALT,0.13046422128612423,0.0,distribution,0.46,0.6123375164463795,0.0,0.09375,0.40200929416143694,0,-0.019158022291415288,0.0,0.0
2025-01-06,1.1064099947508685,HALT,0.06986787642450033,0.0,expansion,0.009599999999769602,0.6029495717830027,0.0,0.03125,0.09627178538501396,0,-0.004754335646778541,0.0,0.0
2025-01-07,1.0978322632610378,HALT,0.10390861751685128,0.0,reversal,0.0687999999998064,0.606026561072835,0.0,0.09375,0.04747392684920842,0,0.0012366422418652273,0.0,0.0
2025-01-08,1.092186071535851,HALT,0.06418832177268319,0.0,consolidation,0.0007999999999984001,0.6342687908593145,0.0,0.0,0.0533976842263187,0,0.011784866616469585,0.0,0.0
2025-01-09,1.094818679169996,HALT,0.10388824274584806,0.0,consolidation,0.46,0.637840251673809,0.0,0.03125,0.11438034938160954,0,0.00933266401600926,0.0,0.0
2025-01-10,1.0940534281638834,HALT,0.08509448760738991,0.0,retracement,0.0683999999998236,0.6299283180474525,0.0,0.0,0.09665380127765241,0,0.011462882769876661,0.0,0.0
2025-01-13,1.1011497502728724,HALT,0.14459666776886704,0.0,reversal,0.52,0.6361744797127334,0.0,0.03125,0.2653930771036335,0,0.004340303082081179,0.0,0.0
2025-01-14,1.0991898890122689,HALT,0.11497347197376116,0.0,reversal,0.1391999999990784,0.6417439732700302,0.0,0.03125,0.21923629402031614,0,0.0027169613475061362,0.0,0.0
2025-01-15,1.1050573387092668,HALT,0.07173864002145891,0.0,consolidation,0.0003999999999996,0.6746593797567215,0.0,0.0,0.36589566662820505,0,-0.0027037677289937726,0.0,0.0
2025-01-16,1.1050362540611407,HALT,0.1555378899364064,0.0,reversal,0.46,0.66768923793828,0.0,0.0,0.36628451940054885,0,0.0016036078394294022,0.0,0.0
2025-01-17,1.1065944343549077,HALT,0.0988436622204106,0.0,distribution,0.0687999999998064,0.6448372006519454,0.0,0.0,0.43802903451827246,0,0.008909808722796534,0.0,0.0
2025-01-20,1.1059290739278147,HALT,0.08541620352207017,0.0,expansion,0.0603999999999996,0.6590716999403796,0.0,0.0,0.4205912335022228,0,0.016981146199680948,0.0,0.0
2025-01-21,1.1021763454542848,HALT,0.08894731487444199,0.0,consolidation,0.2063999999982576,0.6639450882144395,0.0,0.03125,0.32223952858555205,0,0.021632870902602006,0.0,0.0
2025-01-22,1.102069520338177,HALT,0.10981484034448898,0.0,accumulation,0.1803999999999996,0.6613348087228723,0.0,0.03125,0.3194398503324534,0,0.02372681689359025,0.0,0.0
2025-01-23,1.1068082988610068,HALT,0.09297267663337698,0.0,accumulation,0.0615999999999936,0.6585042352570396,0.0,0.0,0.44363400672566217,0,0.02445399426601014,0.0,0.0
2025-01-24,1.1164539790987211,HALT,0.10848473426257414,0.0,consolidation,0.46,0.6070320053359152,0.0,0.0625,0.5560617513810006,0,0.008808322445501516,0.0,0.0
2025-01-27,1.1247090172186607,HALT,0.07753843793343136,0.0,consolidation,0.0875999999980956,0.6634587226055385,0.0,0.0,0.7288046968588249,0,-0.0006744510731749604,0.0,0.0
2025-01-28,1.126019584047399,HALT,0.0982848805244167,0.0,distribution,0.06799999999984,0.640679587728015,0.0,0.0,0.7562293036204766,0,-0.004178160034877279,0.0,0.0
2025-01-29,1.1282181220512477,HALT,0.0984692750475453,0.0,retracement,0.1207999999999984,0.6436940180071713,0.0,0.0,0.8022353819706691,0,-0.005651353773710275,0.0,0.0
2025-01-30,1.1338741826549263,HALT,0.14526238610749376,0.0,reversal,0.4,0.6493929541863058,0.0,0.03125,0.9205927480160826,0,-0.006524950497055138,0.0,0.0
2025-01-31,1.1262880657421859,HALT,0.07882473440445187,0.0,consolidation,0.0627999999999804,0.6374433847022861,0.0,0.0,0.7618474870971028,0,-0.0022265570723958047,0.0,0.0
2025-02-03,1.123950456014988,HALT,0.08839434006998691,0.0,consolidation,0.07599999999936,0.6341422364576654,0.0,0.03125,0.7129312272583498,0,-0.0077510095489080715,0.0,0.0
2025-02-04,1.121314894022843,HALT,0.09384668555852543,0.0,retracement,0.0603999999999996,0.6430873706348985,0.0,0.03125,0.6577800898683434,0,-0.0013627354475648935,0.0,0.0
2025-02-05,1.121842162309625,HALT,0.12476215072882473,0.0,reversal,0.0607999999999984,0.6334344695382469,0.0,0.03125,0.663513075639834,0,-0.0009940880623381255,0.0,0.0
2025-02-06,1.126475709743214,HALT,0.10794873788608877,0.0,distribution,0.06599999999990999,0.6372876959234615,0.0,0.03125,0.7620253899482217,0,0.0004867900326663547,0.0,0.0
2025-02-07,1.1237803210838526,HALT,0.08302060632517383,0.0,expansion,0.0623999999999856,0.6492491104438722,0.0,0.03125,0.6815676791849794,0,0.0011420951883933511,0.0,0.0
2025-02-10,1.1152387052979162,HALT,0.1094278612659573,0.0,accumulation,0.1687999999704064,0.6387197527325092,0.0,0.03125,0.44190460024980033,0,0.008286538798909705,0.0,0.0
2025-02-11,1.1197868384688756,HALT,0.09080529957719895,0.0,expansion,0.0687999999998064,0.6564973894110004,0.0,0.03125,0.535277578107842,0,0.008743058815770987,0.0,0.0
2025-02-12,1.1207269524082455,HALT,0.08634102525438007,0.0,expansion,0.0027999999999804,0.6483093544861224,0.0,0.03125,0.556157583120476,0,0.01037013973728976,0.0,0.0
2025-02-13,1.1270240668907578,HALT,0.125095686982846,0.0,expansion,0.52,0.6521512138118579,0.0,0.03125,0.7211284178667173,0,0.003655766266411645,0.0,0.0
2025-02-14,1.1250637851813736,HALT,0.08944068324335282,0.0,expansion,0.12039999999999959,0.6522467167597483,0.0,0.0,0.6664433661023471,0,0.00631481113862777,0.0,0.0
2025-02-17,1.1244801740994133,HALT,0.11756205897500134,0.0,accumulation,0.14599999999830998,0.6521135272968647,0.0,0.0,0.6509998403043361,0,0.00703594629545369,0.0,0.0
2025-02-18,1.1295772006587352,HALT,0.1299808657659017,0.0,reversal,0.0727999999995904,0.6407721759301106,0.0,0.03125,0.7858774387516221,0,0.0018888538276983556,0.0,0.0
2025-02-19,1.1323490475120659,HALT,0.13125746621533133,0.0,reversal,0.0675999999885756,0.6415125354028426,0.0,0.03125,0.8505634424056299,0,0.0005577517361210183,0.0,0.0
2025-02-20,1.1311442034559311,HALT,0.09293572161653901,0.0,expansion,0.0003999999999996,0.62951495590092,0.0,0.03125,0.7885753084204693,1,0.001161800325058362,0.0,0.0
2025-02-21,1.1321683505037037,HALT,0.11330823699917156,0.0,retracement,0.12239999996254564,0.6309643473884543,0.0,0.03125,0.7961779213086968,1,-0.0037726973638014215,0.0,0.0
2025-02-24,1.1323919562146791,HALT,0.12437799521516334,0.0,reversal,0.030399999997689598,0.6329407556136458,0.0,0.0,0.8049878613871198,0,0.001482461958518274,0.0,0.0
2025-02-25,1.1317108068778803,HALT,0.1220885139416001,0.0,reversal,0.0003999999999996,0.621631931606579,0.0,0.03125,0.7781509580921316,0,0.0009759192417392536,0.0,0.0
2025-02-26,1.1329806171592107,HALT,0.09392240565855524,0.0,retracement,0.043999999995159994,0.6373483502933517,0.0,0.0,0.8281807737023167,0,0.003011137529915645,0.0,0.0
2025-02-27,1.1324583671591941,HALT,0.09217778016050235,0.0,consolidation,0.08999999999774999,0.634288522381101,0.0,0.03125,0.807604415495582,0,0.00453817112930835,0.0,0.0
2025-02-28,1.127897021952379,HALT,0.09330220563725102,0.0,consolidation,0.12039999999999959,0.6455393153130551,0.0,0.03125,0.6278899628828151,0,0.003708134052310324,0.0,0.0
2025-03-03,1.1340706842118995,HALT,0.08638756347863946,0.0,consolidation,0.0643999999999516,0.6480959730399399,0.0,0.0,0.8711288065309822,0,-0.010303503479142289,0.0,0.0
2025-03-04,1.1328152652303967,HALT,0.12925048246795,0.0,reversal,0.13679999998525438,0.6418153069812195,0.0,0.03125,0.821666000093232,0,-0.008209296729283277,0.0,0.0
2025-03-05,1.1363921776162058,HALT,0.10215421009545583,0.0,accumulation,0.0047999999999424,0.6410289718061728,0.0,0.03125,0.879748157909119,0,-0.01536307326930286,0.0,0.0
2025-03-06,1.1375976570261797,HALT,0.08010384053868418,0.0,consolidation,0.0575999999917056,0.6191200488711446,0.0,0.03125,0.8758937058436128,0,-0.01486908404104783,0.0,0.0
2025-03-07,1.13207941530698,HALT,0.08231035259128866,0.0,consolidation,0.0603999999999996,0.6616817874365315,0.0,0.0,0.6873629084246443,0,-0.0157619912641928,0.0,0.0
2025-03-10,1.122385782971529,HALT,0.11630804788949974,0.0,reversal,0.1335999999864576,0.6499529312532024,0.0,0.03125,0.29821384251207955,0,9.460271918937373e-05,0.0,0.0
2025-03-11,1.1235156485786586,HALT,0.09748966124130065,0.0,distribution,0.04199999999559001,0.6355259780078356,0.0,0.03125,0.3402912135937109,0,-0.0016550316704590437,0.0,0.0
2025-03-12,1.1189337013288254,HALT,0.0906192335624545,0.0,retracement,0.0603999999999996,0.6406471573381322,0.0,0.0,0.16965472949232183,0,0.0005942797968532586,0.0,0.0
2025-03-13,1.1206826218589583,HALT,0.09883843752282194,0.0,reversal,0.0027999999999804,0.6321795218912084,0.0,0.0,0.23478635016854746,0,-0.004051141932887708,0.0,0.0
2025-03-14,1.1142355894525389,HALT,0.11323600170116829,0.0,reversal,0.1271999999998704,0.609030402693638,0.0,0.0625,0.03431338390976706,0,0.006876336601609326,0.0,0.0
2025-03-17,1.1224919637185775,HALT,0.0870313934003141,0.0,expansion,0.00999999999975,0.6428603509038542,0.0,0.0,0.3296710998017466,0,-0.0004137101035478667,0.0,0.0
2025-03-18,1.1216561945980046,HALT,0.1018861115062488,0.0,reversal,0.0011999999999964001,0.6409587541008995,0.0,0.0,0.2997728841308737,0,-0.002283980311192571,0.0,0.0
2025-03-19,1.1195986610215434,HALT,0.07801021311125929,0.0,retracement,0.014399999999481604,0.6282690893556762,0.0,0.0,0.22616812761997324,0,8.604450611674776e-05,0.0,0.0
2025-03-20,1.116142577496087,HALT,0.0788082261687339,0.0,consolidation,0.12039999999999959,0.630118864506197,0.0,0.0,0.10253263059441477,0,0.003214412499810609,0.0,0.0
2025-03-21,1.121897448419107,HALT,0.09056501557724686,0.0,distribution,0.0051999999999324,0.6537660043094264,0.0,0.0,0.3084033283494883,0,0.0009161306202932299,0.0,0.0
2025-03-24,1.1220275774520359,HALT,0.1291189034141206,0.0,distribution,0.46,0.6604597099639333,0.0,0.0,0.3130584726899239,0,0.003197032075165808,0.0,0.0
2025-03-25,1.1190943539336156,HALT,0.08059986481671164,0.0,expansion,0.2043999999478716,0.6643269211353993,0.0,0.03125,0.208127401170449,0,0.0021117292054406395,0.0,0.0
2025-03-26,1.11969499633538,HALT,0.09579092771786098,0.0,reversal,0.0603999999999996,0.6660973174259439,0.0,0.0,0.22961435926326795,0,-0.001685837175505591,0.0,0.0
2025-03-27,1.1197303201487612,HALT,0.10102639861503919,0.0,reversal,0.0603999999999996,0.6666737351864437,0.0,0.0,0.2308780084754638,0,-0.0010980002067657812,0.0,0.0
2025-03-28,1.1229252530244327,HALT,0.0993385880629663,0.0,distribution,0.0827999999987004,0.6624384496645976,0.0,0.0,0.34517128615160886,0,-0.005577740888697664,0.0,0.0
2025-03-31,1.1256147356063706,HALT,0.09526933980637893,0.0,accumulation,0.1271999999887104,0.6650566016225046,0.0,0.03125,0.44138294113918886,0,-0.008587955709410853,0.0,0.0
2025-04-01,1.121457578164461,HALT,0.08786690917973466,0.0,accumulation,0.06199999999999,0.6804028419482285,0.0,0.0,0.2926677197742414,0,-0.007101840807709119,0.0,0.0
2025-04-02,1.1178073728853302,HALT,0.09084431711667516,0.0,consolidation,0.46,0.6631715382791847,0.0,0.0,0.16208784790293235,0,-0.006528995237370436,0.0,0.0
2025-04-03,1.118500856025716,HALT,0.06928566036270851,0.0,consolidation,0.06199999999999,0.6831509502720301,0.0,0.0,0.2148102944081128,0,0.002726788674515082,0.0,0.0
2025-04-04,1.1166618669256871,HALT,0.08429754087291756,0.0,retracement,0.1251999999999324,0.64764051787539,0.0,0.03125,0.17525342211522213,0,0.006050455588367744,0.0,0.0
2025-04-07,1.1159480061111229,HALT,0.09675039273029672,0.0,reversal,0.12039999999999959,0.6530594083004329,0.0,0.03125,0.13829942532941028,0,0.01091056716877271,0.0,0.0
2025-04-08,1.113493164971738,HALT,0.10872004412017712,0.0,reversal,0.09399999999711,0.6552451987433647,0.0,0.03125,0.12800175999981256,0,0.016657912200822595,0.0,0.0
2025-04-09,1.1105092138714643,HALT,0.0911746702689179,0.0,reversal,0.00199999999999,0.6471401462300744,0.0,0.0625,0.16613200792701183,0,0.010855663215983644,0.0,0.0
2025-04-10,1.1215507714923623,HALT,0.08626777998357055,0.0,accumulation,0.1263999999998976,0.6658741366514347,0.0,0.0,0.5830353436580302,0,0.0038436126977132515,0.0,0.0
2025-04-11,1.1234181799587448,HALT,0.0809356981000538,0.0,consolidation,0.1207999999999984,0.6525904075284397,0.0,0.03125,0.6535443103760717,0,0.0008081262055929631,0.0,0.0
2025-04-14,1.1281236317886563,HALT,0.08727215351732172,0.0,retracement,0.0715999999996636,0.6661676324357308,0.0,0.0,0.8312111424812476,0,-0.006054888706968837,0.0,0.0
2025-04-15,1.1320416363500532,HALT,0.12113413122253609,0.0,reversal,0.13599999999936,0.6581448835488093,0.0,0.0,0.9174742776536873,0,-0.00488426002822232,0.0,0.0
2025-04-16,1.1225645278954997,HALT,0.10843666617487557,0.0,reversal,0.12239999999998559,0.6460977729556296,0.0,0.03125,0.5821790251256198,0,0.001920535948741552,0.0,0.0
2025-04-17,1.1258615782788004,HALT,0.10062234204425838,0.0,reversal,0.09239999999737561,0.6299265144964024,0.0,0.03125,0.6988269822707581,0,0.003912665854116264,0.0,0.0
2025-04-18,1.124326043629809,HALT,0.08816791306871097,0.0,expansion,0.1803999999999996,0.6463720398221021,0.0,0.0,0.5787679201746644,0,0.0048750558643968185,0.0,0.0
2025-04-21,1.1212929687504745,HALT,0.08319723471376303,0.0,expansion,0.1803999999999996,0.6380899300104285,0.0,0.0,0.48240369280391704,0,0.00481765697156271,0.0,0.0
2025-04-22,1.1265124506353452,HALT,0.079174037475499,0.0,expansion,0.06599999999990999,0.6334856938160977,0.0,0.03125,0.648232549367303,0,0.0007624101195761965,0.0,0.0
2025-04-23,1.124720453426105,HALT,0.11703233938151437,0.0,reversal,0.20759999999809559,0.6730464576730226,0.0,0.0,0.5912987665268182,0,-0.003940917724744342,0.0,0.0
2025-04-24,1.1302666984325933,HALT,0.08548359502543902,0.0,expansion,0.1803999999999996,0.6599106341374543,0.0,0.0,0.7675092578999694,0,-0.008115293039617036,0.0,0.0
2025-04-25,1.1298071959023006,HALT,0.09044331119761308,0.0,retracement,0.1967999999992944,0.6635389614389418,0.0,0.0,0.7529103415961709,0,-0.012099274230684473,0.0,0.0
2025-04-28,1.1266949736385394,HALT,0.11063338347390927,0.0,accumulation,0.1275999999998556,0.6456341495216551,0.0,0.03125,0.6540315120965244,0,-0.007073150915560247,0.0,0.0
2025-04-29,1.1273713151275382,HALT,0.08122891173012534,0.0,expansion,0.12239999999998559,0.653573084941897,0.0,0.03125,0.6755196479385398,0,-0.009450543762750225,0.0,0.0
2025-04-30,1.1202880226558156,HALT,0.09813862653184546,0.0,retracement,0.1867999999998844,0.65181851979462,0.0,0.0,0.45047541611649966,0,-0.007673403636878378,0.0,0.0
2025-05-01,1.1210942529618924,HALT,0.1382585663970066,0.0,reversal,0.1811999999999964,0.6569582730652124,0.0,0.0,0.47609026692592343,0,-0.006975343139261984,0.0,0.0
2025-05-02,1.116137348811278,HALT,0.13043201581653463,0.0,distribution,0.12039999999999959,0.5884778773537888,0.0,0.09375,0.31860380265188715,0,-0.00517143098978529,0.0,0.0
2025-05-05,1.1187256900541909,HALT,0.10325872379059005,0.0,distribution,0.0995999999960796,0.6453702548844955,0.0,0.03125,0.40083833821991693,0,-0.011039133687339244,0.0,0.0
2025-05-06,1.1167170431770561,HALT,0.10166432746321098,0.0,distribution,0.0651999999999324,0.6415530031572031,0.0,0.03125,0.33702134982488574,0,-0.0029000175548355685,0.0,0.0
2025-05-07,1.1116916004684172,HALT,0.09702028805602246,0.0,distribution,0.0003999999999996,0.6521426550130336,0.0,0.03125,0.06010400084693195,0,0.011329820017845793,0.0,0.0
2025-05-08,1.1132742358560286,HALT,0.10839550309810715,0.0,reversal,0.0035999999999676,0.6374198439103491,0.0,0.03125,0.11755295893089387,0,0.003827417003572278,0.0,0.0
2025-05-09,1.1103653215367786,HALT,0.10022568686604229,0.0,accumulation,0.012799999999590401,0.6090293870753345,0.0,0.0625,0.08772650889318978,0,0.0008372350466460909,0.0,0.0
2025-05-12,1.1063759276022218,HALT,0.08180781357976154,0.0,expansion,0.009599999999769602,0.6411498855128994,0.0,0.03125,0.18063114511214667,0,0.007488132353932845,0.0,0.0
2025-05-13,1.1134785441480586,HALT,0.09954423607756373,0.0,accumulation,0.03399999999711,0.6640695626861443,0.0,0.0,0.3671083358086897,0,-0.0020667143663881354,0.0,0.0
2025-05-14,1.1242868662170753,HALT,0.10252483907051962,0.0,consolidation,0.1803999999999996,0.6524627463918216,0.0,0.0,0.6508777780370022,0,-0.008979370371769102,0.0,0.0
2025-05-15,1.1175352005959829,HALT,0.09103634666589196,0.0,consolidation,0.08999999999774999,0.6527197048726723,0.0,0.0,0.47361470471485717,0,-0.0033061758059390414,0.0,0.0
2025-05-16,1.1112949582985496,HALT,0.11929184611464339,0.0,reversal,0.0003999999999996,0.6451472486823993,0.0,0.0,0.34376458914731123,0,0.0024459534434221,0.0,0.0
2025-05-19,1.1146606169813125,HALT,0.09134653194427823,0.0,consolidation,0.0603999999999996,0.6318647048669572,0.0,0.0,0.44182342133330565,0,0.004718599244592547,0.0,0.0
2025-05-20,1.1111773020442028,HALT,0.1071116210090993,0.0,expansion,0.009599999999769602,0.6204664277806101,0.0,0.03125,0.3403366613661277,1,0.008954760123512815,0.0,0.0
2025-05-21,1.1141914780411966,HALT,0.09568009667640634,0.0,consolidation,0.0671999999998704,0.6235329915220127,0.0,0.03125,0.42815500723167793,1,0.006206639471461723,0.0,0.0
2025-05-22,1.1138404327534872,HALT,0.10748626059634442,0.0,accumulation,0.0007999999999984001,0.6330966031740957,0.0,0.0,0.46105600819382087,0,-0.001237092588824901,0.0,0.0
2025-05-23,1.1140131340284576,HALT,0.09075392369789974,0.0,expansion,0.007999999999840001,0.6198876747227218,0.0,0.03125,0.4789367525773774,0,-0.0016446926634592835,0.0,0.0
2025-05-26,1.1199202537265776,HALT,0.09701431009250198,0.0,consolidation,0.2411999999999964,0.6226044963866818,0.0,0.03125,0.7111604126113416,0,-0.006957228681693217,0.0,0.0
2025-05-27,1.1211276282387008,HALT,0.1231509330401416,0.0,accumulation,0.2411999999999964,0.668425902383244,0.0,0.0,0.7760139453395981,0,-0.014132454104807646,0.0,0.0
2025-05-28,1.1211068628475733,HALT,0.11498651050150815,0.0,accumulation,0.2411999999999964,0.6369575267647145,0.0,0.0,0.8277473850688999,0,-0.014722489378970558,0.0,0.0
2025-05-29,1.1124625090089943,HALT,0.12510782943524792,0.0,reversal,0.10999999999375,0.6399334384426215,0.0,0.0,0.49664844195546026,0,-0.011329958741318643,0.0,0.0
2025-05-30,1.1121809247999237,HALT,0.09020696936622304,0.0,expansion,0.0607999999999984,0.6262254437088604,0.0,0.03125,0.485863109036227,0,-0.013193730961047662,0.0,0.0
2025-06-02,1.1121287124161419,HALT,0.09412892205093787,0.0,expansion,0.07319999999956439,0.6259761085878146,0.0,0.0,0.4838632527820271,0,-0.02243243715920605,0.0,0.0
2025-06-03,1.1052833434869855,HALT,0.09554868021892224,0.0,expansion,0.0027999999999804,0.6502671465146755,0.0,0.03125,0.2216696336881307,0,-0.018077958270316788,0.0,0.0
2025-06-04,1.104601378966609,HALT,0.09854541802887935,0.0,accumulation,0.016799999999294404,0.6470542648972601,0.0,0.0,0.1955487996554186,0,-0.008977118145412567,0.0,0.0
2025-06-05,1.0998583546806586,HALT,0.0819269190456042,0.0,expansion,0.0067999999998844,0.6210774395010357,0.0,0.03125,0.013879890959094606,0,0.0010714656110065663,0.0,0.0
2025-06-06,1.0975071088981043,HALT,0.08430572413816652,0.0,consolidation,0.00999999999975,0.6422105828664201,0.0,0.03125,0.053437334811664496,0,0.0046254332782753585,0.0,0.0
2025-06-09,1.087180954961918,HALT,0.08487586535027553,0.0,consolidation,0.0287999999979264,0.6146996691825303,0.0,0.03125,0.04026909006018978,0,0.019227687145652393,0.0,0.0
2025-06-10,1.0853020773265516,HALT,0.07792934665918222,0.0,consolidation,0.0003999999999996,0.6191889268515589,0.0,0.0625,0.043541903566127416,0,0.01438263365554387,0.0,0.0
2025-06-11,1.09468524188404,HALT,0.09819575957917695,0.0,accumulation,0.0011999999999964001,0.6586280566376423,0.0,0.0,0.27008340426758776,0,-0.0010999533333337882,0.0,0.0
2025-06-12,1.1010368150846772,HALT,0.08868753461456552,0.0,accumulation,0.01199999999964,0.6218056262320767,0.0,0.03125,0.423004914726494,0,-0.005225450842898102,0.0,0.0
2025-06-13,1.1025835548027454,HALT,0.07760142434070408,0.0,retracement,0.0007999999999984001,0.6459686247857922,0.0,0.0,0.4860122867678758,0,-0.009147785395766724,0.0,0.0
2025-06-16,1.1080849302346374,HALT,0.07711517645469085,0.0,retracement,0.0027999999999804,0.6475621436949159,0.0,0.0,0.625879918985046,0,-0.01715696465692525,0.0,0.0
2025-06-17,1.1009115795103401,HALT,0.08679676271897654,0.0,retracement,0.0003999999999996,0.65278519806825,0.0,0.0,0.44350378536318097,0,-0.01363198712494433,0.0,0.0
2025-06-18,1.0934811392032784,HALT,0.0999158237828272,0.0,expansion,0.46,0.671357343320006,0.0,0.0,0.25459137519481545,0,-0.01083567948187722,0.0,0.0
2025-06-19,1.0952834013312311,HALT,0.07826200136962001,0.0,expansion,0.0635999999999676,0.6406333264328641,0.0,0.03125,0.30041230481363584,0,-0.023407501601034865,0.0,0.0
2025-06-20,1.0924973570625083,HALT,0.12057176560780808,0.0,retracement,0.52,0.6526120878097499,0.0,0.0,0.229579579444724,0,-0.018325130102976445,0.0,0.0
2025-06-23,1.0890735562497302,HALT,0.09030438284719296,0.0,retracement,0.0603999999999996,0.6353584598241117,0.0,0.03125,0.14253245481287624,0,-0.016424926088872006,0.0,0.0
2025-06-24,1.085903967032753,HALT,0.10344514944647158,0.0,reversal,0.0603999999999996,0.6073877354244891,0.0,0.03125,0.06194843644000016,0,-0.017360962981842715,0.0,0.0
2025-06-25,1.0816325280593937,HALT,0.15256217593145519,0.0,reversal,0.46,0.6518065110088542,0.0,0.0625,0.04564163724393058,0,-0.012707527451734984,0.0,0.0
2025-06-26,1.0696455533609834,HALT,0.11207273352107285,0.0,reversal,0.022399999998745604,0.5951769452504325,0.0,0.125,0.005160020800656332,0,-0.0007562760410637208,0.0,0.0
2025-06-27,1.07247720085718,HALT,0.14135283439909768,0.0,reversal,0.46,0.5955801240734563,0.0,0.0625,0.06935381171510767,0,-0.0015594762258105937,0.0,0.0
2025-06-30,1.0711856035829834,HALT,0.0943749089977913,0.0,accumulation,0.1615999999956736,0.602084938166969,0.0,0.09375,0.057544350039836524,0,0.0002083645079304789,0.0,0.0
2025-07-01,1.0670516284592613,HALT,0.08902563833133541,0.0,accumulation,0.0011999999999964001,0.6090861457003702,0.0,0.125,0.0003142935736079225,0,-0.002807500514906691,0.0,0.0
2025-07-02,1.0678876530163894,HALT,0.06642286671881494,0.0,consolidation,0.0003999999999996,0.6238711192049149,0.0,0.03125,0.056609593334943746,0,-0.0015428432042756458,0.0,0.0
2025-07-03,1.0688366060565462,HALT,0.08865450782102118,0.0,accumulation,0.0855999999983616,0.6376746392733329,0.0,0.03125,0.07733593669799438,0,-5.454162688204356e-05,0.0,0.0
2025-07-04,1.0708046981597192,HALT,0.09198036546908576,0.0,retracement,0.1215999999999936,0.6208003178975112,0.0,0.0625,0.12032157558033109,0,-0.005263940287963426,0.0,0.0
2025-07-07,1.0714088006441762,HALT,0.10275751067664025,0.0,reversal,0.1287999999998064,0.6442968873796237,0.0,0.0,0.13351594346734372,0,-0.01209223628339604,0.0,0.0
2025-07-08,1.0640558804629299,HALT,0.07421983205396125,0.0,retracement,0.0011999999999964001,0.6343171764322801,0.0,0.0625,0.08990181985902357,0,-0.0020310899581589222,0.0,0.0
2025-07-09,1.0662400698080032,HALT,0.07786681777373058,0.0,retracement,0.0023999999999856003,0.651045278420783,0.0,0.03125,0.1321737148460689,0,-0.004884179456554697,0.0,0.0
2025-07-10,1.0687783099691808,HALT,0.10179097321825442,0.0,reversal,0.0855999999983616,0.6466542659940194,0.0,0.0,0.18129776253324148,0,-0.005435590666998468,0.0,0.0
2025-07-11,1.0651680461685358,HALT,0.08851243844344807,0.0,distribution,0.0015999999999936005,0.6356494800928856,0.0,0.03125,0.11142621380481811,0,-0.005027881900069104,0.0,0.0
2025-07-14,1.0584530722706769,HALT,0.07282494659154873,0.0,expansion,0.057999999991589994,0.6050121447416266,0.0,0.0625,0.05824376037087245,0,-0.00759430932733822,0.0,0.0
2025-07-15,1.0618946872492017,HALT,0.09884973322089985,0.0,reversal,0.0027999999999804,0.6133986573589838,0.0,0.03125,0.1430139020712132,0,-0.016436197351149397,0.0,0.0
2025-07-16,1.0610323619632915,HALT,0.09423274182036125,0.0,reversal,0.00399999999996,0.64313074586335,0.0,0.03125,0.12747507695609836,0,-0.01441966402357884,0.0,0.0
2025-07-17,1.062968868562422,HALT,0.08674523563421098,0.0,expansion,0.00399999999996,0.6156626957084352,0.0,0.0625,0.1901090354838105,0,-0.011648469086109097,0.0,0.0
2025-07-18,1.059812507028673,HALT,0.08581769885369281,0.0,expansion,0.005599999999921601,0.6230235794750835,0.0,0.03125,0.11933459248168957,0,-0.012072935469997366,0.0,0.0
2025-07-21,1.0504148522313819,HALT,0.08217928188733514,0.0,expansion,0.1015999999956736,0.5976373881566707,0.0,0.125,0.007897324904747144,0,-0.004875810955858118,0.0,0.0
2025-07-22,1.0444411766034367,HALT,0.08150668893825029,0.0,expansion,0.011199999999686402,0.5916391777604821,0.0,0.125,0.05868930760890978,0,0.012557298446036464,0.0,0.0
2025-07-23,1.0457326317856366,HALT,0.0782005981979447,0.0,expansion,0.0003999999999996,0.5808345509670926,0.0,0.0625,0.09745951626829118,0,0.010018363621908551,0.0,0.0
2025-07-24,1.0505869085574762,HALT,0.08420640030193163,0.0,expansion,0.1007999999958384,0.6161639910079652,0.0,0.03125,0.25341906229668537,0,0.012815823764552025,0.0,0.0
2025-07-25,1.0470174590210197,HALT,0.08615110629543432,0.0,expansion,0.01199999999964,0.5969830577251396,0.0,0.0625,0.16376128826318773,0,0.015088452825692008,0.0,0.0
2025-07-28,1.045293227986676,HALT,0.1009697477644115,0.0,reversal,0.0003999999999996,0.6219764291507535,0.0,0.03125,0.10905502222397143,0,0.012505579676327505,0.0,0.0
2025-07-29,1.0575565361673755,HALT,0.1113056452963687,0.0,reversal,0.0063999999998976004,0.6049893545213225,0.0,0.0625,0.4981442953500639,0,0.004142365512853006,0.0,0.0
2025-07-30,1.0562091615421605,HALT,0.1017530496835216,0.0,distribution,0.0007999999999984001,0.6056737921770434,0.0,0.0625,0.4553948996871096,0,0.008373479209189735,0.0,0.0
2025-07-31,1.0640510452268943,HALT,0.11078937987234522,0.0,reversal,0.0011999999999964001,0.5611121035517014,0.0,0.125,0.7042015657084797,0,0.0038655616009276744,0.0,0.0
2025-08-01,1.0628153325591343,HALT,0.10159836660094952,0.0,accumulation,0.0015999999999936005,0.6097042694634593,0.0,0.0625,0.6776264701569781,0,0.007725710902231453,0.0,0.0
2025-08-04,1.058365225734389,HALT,0.1445211264231057,0.0,accumulation,0.46,0.62378903445532,0.0,0.03125,0.5474409516640582,0,0.015315355826332136,0.0,0.0
2025-08-05,1.0619373218906876,HALT,0.10416328659701832,0.0,accumulation,0.0027999999999804,0.6139003863739769,0.0,0.0625,0.6658908273239612,0,0.007404158479829269,0.0,0.0
2025-08-06,1.0650533069968895,HALT,0.08268150107858702,0.0,consolidation,0.0003999999999996,0.631073061429015,0.0,0.03125,0.7692161669111729,0,0.004208567381214709,0.0,0.0
2025-08-07,1.0681642000887503,HALT,0.11291439517177657,0.0,accumulation,0.0991999999961584,0.6262366029502681,0.0,0.03125,0.9584498586294699,0,0.0058317417156014,0.0,0.0
2025-08-08,1.0710263365609451,HALT,0.14675046805556494,0.0,expansion,0.5800000000000001,0.6017415280811569,0.0,0.09375,0.9983008786673623,0,-0.004655212279219445,0.0,0.0
2025-08-11,1.0745744657607275,HALT,0.08896754270790587,0.0,expansion,0.0815999999988336,0.6353873116303681,0.0,0.03125,0.9187973990862526,0,-0.011211065636202482,0.0,0.0
2025-08-12,1.0698000741176117,HALT,0.128563927656112,0.0,retracement,0.1823999999999856,0.6483160637863219,0.0,0.03125,0.7847231670607052,0,-0.0057829227222521914,0.0,0.0
2025-08-13,1.0695356556039715,HALT,0.15629522868590015,0.0,reversal,0.25799999995239,0.6468957146596037,0.0,0.03125,0.7772977793255434,0,0.0022371808424491513,0.0,0.0
2025-08-14,1.07439345781352,HALT,0.10090376342863437,0.0,expansion,0.17439999999260158,0.5917498074333476,0.0,0.0625,0.8753874211400254,0,-0.0024817447697236127,0.0,0.0
2025-08-15,1.0660404816076192,HALT,0.12969023302625673,0.0,accumulation,0.16399999997296,0.6140680983642033,0.0,0.0625,0.6506588033902212,1,0.009390808481565876,0.0,0.0
2025-08-18,1.0625273408940967,HALT,0.15434873154653814,0.0,accumulation,0.46,0.6325862754324945,0.0,0.0625,0.5561412042675575,1,0.014365092814713919,0.0,0.0
2025-08-19,1.0636135029607299,HALT,0.10486496838479852,0.0,consolidation,0.1215999999999936,0.6457211817404169,0.0,0.03125,0.5590591118199154,0,0.007733758157697511,0.0,0.0
2025-08-20,1.071928400283005,HALT,0.13181889828350435,0.0,distribution,0.1307999999997084,0.6372879715733865,0.0,0.03125,0.7937045833329107,0,0.0056389766546046305,0.0,0.0
2025-08-21,1.071727087468966,HALT,0.13853796095849996,0.0,reversal,0.1227999999999804,0.6014005498144921,0.0,0.09375,0.7878526656494934,0,0.0028731530001407488,0.0,0.0
2025-08-22,1.0760514636039926,HALT,0.11927167856960075,0.0,distribution,0.0203999999989596,0.5635893630898984,0.0,0.15625,0.9135569994501536,0,0.006688428067944347,0.0,0.0
2025-08-25,1.0777906447642116,HALT,0.09228121380620537,0.0,consolidation,0.013599999999537602,0.6043910380561319,0.0,0.15625,0.9634009231032156,0,0.005472067191523709,0.0,0.0
2025-08-26,1.0718392325658896,HALT,0.10022244405332946,0.0,retracement,0.1383999999991536,0.6428152773424725,0.0,0.03125,0.7037119231260757,0,0.01552277981176608,0.0,0.0
2025-08-27,1.0779729795076085,HALT,0.15649181327209172,0.0,reversal,0.46,0.6139829797348828,0.0,0.03125,0.9538822544246517,0,0.01307936589456206,0.0,0.0
2025-08-28,1.0748063233656595,HALT,0.08138221253024193,0.0,consolidation,0.0615999999999936,0.6188583910313687,0.0,0.03125,0.8137879275457611,0,0.022723764072413485,0.0,0.0
2025-08-29,1.0832485564157142,HALT,0.1112786563490012,0.0,accumulation,0.0663999999998976,0.6353344710470008,0.0,0.0,0.9189125513548723,0,0.01660081224484473,0.0,0.0
2025-09-01,1.083688387590757,HALT,0.11217057887568081,0.0,distribution,0.0603999999999996,0.6538485961967508,0.0,0.0,0.9083976513419478,0,0.016707844936170346,0.0,0.0
2025-09-02,1.0884771569666223,HALT,0.11562997803484602,0.0,distribution,0.013999999999510002,0.5845654159336353,0.0,0.125,0.9160397557821968,0,0.008643833689786272,0.0,0.0
2025-09-03,1.0920721825310398,HALT,0.11945166065471145,0.0,accumulation,0.12039999999999959,0.6132097355500761,0.0,0.09375,0.9510958727619091,0,0.005777856346651857,0.0,0.0
2025-09-04,1.099229968681359,HALT,0.09603598314693351,0.0,accumulation,0.019199999999078406,0.6060691836621293,0.0,0.09375,0.8815424204084515,0,0.00985156509470062,0.0,0.0
2025-09-05,1.1012313623152705,HALT,0.10599320262698768,0.0,accumulation,0.0015999999999936005,0.59775158124131,0.0,0.09375,0.5665686713918416,0,-0.00341038826512362,0.0,0.0
2025-09-08,1.1017944851297519,HALT,0.07575572981490351,0.0,consolidation,0.005599999999921601,0.6355072475734527,0.0,0.03125,0.5744434649120976,0,-0.005283609251922498,0.0,0.0
2025-09-09,1.0978857724865732,HALT,0.09961292466073329,0.0,accumulation,0.0003999999999996,0.6195917000673088,0.0,0.03125,0.5197834436813892,0,0.004394665289649622,0.0,0.0
2025-09-10,1.0983820187218787,HALT,0.07671306741807288,0.0,expansion,0.0031999999999744,0.6312160523084657,0.0,0.03125,0.5267230251327901,0,0.00832980648187618,0.0,0.0
2025-09-11,1.110059104271869,HALT,0.10016985509748781,0.0,reversal,0.0067999999998844,0.6158171141510586,0.0,0.0625,0.6900171330251031,0,-0.005407346026063119,0.0,0.0
2025-09-12,1.0974757358000444,HALT,0.09230560198077054,0.0,distribution,0.00999999999975,0.5968979754630073,0.0,0.09375,0.5140494294324413,0,0.0009188848637464804,0.0,0.0
2025-09-15,1.0959730335944031,HALT,0.10099084998540866,0.0,distribution,0.03199999999744,0.5670941260988792,0.0,0.125,0.4930354174131313,0,-0.002390552282650719,0.0,0.0
2025-09-16,1.10271061298292,HALT,0.09345426931155401,0.0,distribution,0.0003999999999996,0.6041384099515893,0.0,0.0625,0.5698262845476406,0,-0.01090920400669904,0.0,0.0
2025-09-17,1.1075313283810044,HALT,0.0934007160892849,0.0,distribution,0.00999999999975,0.6120441890130368,0.0,0.0625,0.6113130558034015,0,-0.014133576507206641,0.0,0.0
2025-09-18,1.1040566305856894,HALT,0.09491142997885373,0.0,reversal,0.0003999999999996,0.6188926327031287,0.0,0.0625,0.5388007649426587,0,0.0004910945482457165,0.0,0.0
2025-09-19,1.0984841896420001,HALT,0.11317995882684694,0.0,distribution,0.4,0.6426996786481629,0.0,0.0,0.44756618487715627,0,0.00612146638913407,0.0,0.0
2025-09-22,1.0933530527572204,HALT,0.0789286274583531,0.0,expansion,0.061599999990513604,0.6294256522729659,0.0,0.0,0.3635568389420233,0,0.012876781469447516,0.0,0.0
2025-09-23,1.0906809179455372,HALT,0.07277724374405727,0.0,expansion,0.0051999999999324,0.6158341319463572,0.0,0.0625,0.31201764529671794,0,0.011184049105698654,0.0,0.0
2025-09-24,1.0918779496172033,HALT,0.06450803587329852,0.0,expansion,0.0003999999999996,0.6392428683366933,0.0,0.0,0.30442090621574563,0,0.011082234028814876,0.0,0.0
2025-09-25,1.1045988267779245,HALT,0.07373302712012308,0.0,retracement,0.016799999999294404,0.6283790387179493,0.0,0.03125,0.5188567921022361,0,-0.006854282895375715,0.0,0.0
2025-09-26,1.1052085236878888,HALT,0.0775685358563722,0.0,retracement,0.014399999999481604,0.6062511298035502,0.0,0.03125,0.4605691294357701,0,-0.00025866461263461787,0.0,0.0
2025-09-29,1.1074319210865284,HALT,0.06729695628763503,0.0,consolidation,0.039199999996158405,0.6195739250594615,0.0,0.0,0.4891796942397016,0,-0.007277467092165883,0.0,0.0
2025-09-30,1.1028791468904886,HALT,0.0686359490419592,0.0,consolidation,0.0003999999999996,0.5865112982137208,0.0,0.09375,0.3291982911748952,0,-0.004464611225657387,0.0,0.0
2025-10-01,1.1039783965857637,HALT,0.10124446798504988,0.0,consolidation,0.46,0.5963897811241892,0.0,0.09375,0.33756890822130087,0,0.00461298428191038,0.0,0.0
2025-10-02,1.0970275939332885,HALT,0.07249719884043382,0.0,expansion,0.00399999999996,0.5778214108587992,0.0,0.09375,0.17456553125570054,0,0.012180376919805513,0.0,0.0
2025-10-03,1.1049226453532286,HALT,0.08382835233513877,0.0,retracement,0.0947999999969724,0.6102530398112656,0.0,0.03125,0.56965825921424,0,0.0006620655615600862,0.0,0.0
2025-10-06,1.0993726217240072,HALT,0.09207317014899119,0.0,reversal,0.018399999999153604,0.621192538586414,0.0,0.03125,0.36354053239829454,0,0.007472309748494021,0.0,0.0
2025-10-07,1.0979552202707379,HALT,0.07449585342823317,0.0,expansion,0.13199999998703998,0.6245344185794904,0.0,0.03125,0.31090083479497654,0,0.01126784339504812,0.0,0.0
2025-10-08,1.1090710315767824,HALT,0.06963950219559464,0.0,expansion,0.0011999999999964001,0.6357679963910544,0.0,0.0,0.7237217363229771,0,-0.009794486014103347,0.0,0.0
2025-10-09,1.1103898035188233,HALT,0.06985861941541847,0.0,expansion,0.012799999999590401,0.6119310527685782,0.0,0.0625,0.7726985142687405,0,-0.017166653901213334,0.0,0.0
2025-10-10,1.1056541765849048,HALT,0.07011799543186463,0.0,expansion,0.0603999999999996,0.6472470465847092,0.0,0.0,0.5968259912170545,0,-0.019023126727412465,0.0,0.0
2025-10-13,1.107587474482543,HALT,0.09734675848943171,0.0,retracement,0.1823999999902656,0.6478459703569703,0.0,0.0,0.6686251392100709,0,-0.02753980884073903,0.0,0.0
2025-10-14,1.1103268077475241,HALT,0.07346323584541664,0.0,expansion,0.061199999999996396,0.6254971843174708,0.0,0.03125,0.7703589665394581,0,-0.03130821355480174,0.0,0.0
2025-10-15,1.0982082508693565,HALT,0.13802151145698813,0.0,reversal,0.46,0.6514798385041005,0.0,0.03125,0.3202979284447305,0,-0.03252947282381514,0.0,0.0
2025-10-16,1.0913281260663794,HALT,0.09514502860578633,0.0,accumulation,0.0027999999999804,0.6428838998115534,0.0,0.0,0.06478267673785133,0,-0.02669715097759076,0.0,0.0
2025-10-17,1.0846211770670373,HALT,0.11894028055654905,0.0,consolidation,0.4,0.6265616885517311,0.0,0.0625,0.063337621755027,0,-0.01634747649686981,0.0,0.0
2025-10-20,1.0770847271608968,HALT,0.1275086486611421,0.0,distribution,0.0603999999999996,0.6124110868191099,0.0,0.09375,0.08833084887364501,0,-0.017398085561610117,0.0,0.0
2025-10-21,1.0755644589349433,HALT,0.07436740983666226,0.0,consolidation,0.0615999999999936,0.625603627489237,0.0,0.03125,0.06145268569922286,0,-0.01705711448118457,0.0,0.0
2025-10-22,1.0624841154178122,HALT,0.12852106166322885,0.0,consolidation,0.5800000000000001,0.6626315632486653,0.0,0.0,0.09122547759098588,0,-0.009417316249324728,0.0,0.0
2025-10-23,1.062192774318694,HALT,0.10314279118414793,0.0,distribution,0.1807999999999984,0.6569858264049507,0.0,0.0,0.08632482232552703,0,0.0021509097384807274,0.0,0.0
2025-10-24,1.0668903578669267,HALT,0.07767893152182095,0.0,expansion,0.0003999999999996,0.6646560418296124,0.0,0.0,0.16534298220844346,0,-0.002107501297171412,0.0,0.0
2025-10-27,1.058345514920648,HALT,0.10789795294619957,0.0,accumulation,0.1275999999998556,0.6247968352582456,0.0,0.03125,0.05778870445730563,0,0.0026508572257012792,0.0,0.0
2025-10-28,1.0572184328269967,HALT,0.0875395199056324,0.0,expansion,0.0047999999999424,0.6300479258099128,0.0,0.03125,0.03953108111277629,0,0.00641598637758868,0.0,0.0
2025-10-29,1.0524783664930386,HALT,0.09561986835353319,0.0,retracement,0.00999999999975,0.5842587353800998,0.0,0.09375,0.026292754376028772,0,0.020579799650907192,0.0,0.0
2025-10-30,1.06447745510112,HALT,0.08840567210161991,0.0,expansion,0.18199999999999,0.6302858071753031,0.0,0.0,0.20875815021146016,0,0.006399449639616854,0.0,0.0
2025-10-31,1.0646418850537824,HALT,0.13423297379952492,0.0,reversal,0.1807999999999984,0.6178093771490119,0.0,0.0625,0.21975509363914666,0,0.007235121156176828,0.0,0.0
2025-11-03,1.061151037776164,HALT,0.12891903734934987,0.0,reversal,0.1911999999996864,0.6277574486128688,0.0,0.0625,0.1645361983666598,0,0.015073581918141551,0.0,0.0
2025-11-04,1.0640015318901503,HALT,0.14740119928122788,0.0,consolidation,0.64,0.6220677341359175,0.0,0.0625,0.20962586383676793,0,0.012940338606266448,0.0,0.0
2025-11-05,1.0741381604123794,HALT,0.12536372339289123,0.0,reversal,0.0691999999997884,0.6473000900771614,0.0,0.03125,0.36996900814267614,0,0.010533901679635848,0.0,0.0
2025-11-06,1.0712895249675471,HALT,0.100572123987155,0.0,expansion,0.0011999999999964001,0.6336463704848652,0.0,0.03125,0.3405509478601191,0,0.007768575237054598,0.0,0.0
2025-11-07,1.072344698080087,HALT,0.08370205724525212,0.0,expansion,0.0003999999999996,0.6399066618359028,0.0,0.03125,0.35804543742446066,0,0.007198686074085711,0.0,0.0
2025-11-10,1.0771463848716039,HALT,0.10864509532882463,0.0,expansion,0.0603999999999996,0.6410294208164569,0.0,0.03125,0.43765612733602,0,-0.0034570091896065093,0.0,0.0
2025-11-11,1.077770071990395,HALT,0.13044043781259856,0.0,accumulation,0.0735999999995376,0.6521209812075319,0.0,0.0,0.45353953032895067,0,-0.0074344228865555065,0.0,0.0
2025-11-12,1.0854530261845083,HALT,0.104953745049905,0.0,retracement,0.02599999999831,0.6374595163097014,0.0,0.03125,0.7312365135435974,1,-0.010922102270639713,0.0,0.0
2025-11-13,1.079611918242926,HALT,0.09299347382021597,0.0,consolidation,0.0615999999999936,0.6421156447407652,0.0,0.0,0.7112726513163926,1,-0.0006517932162228292,0.0,0.0
2025-11-14,1.0800641709247758,HALT,0.11628301354076678,0.0,accumulation,0.0627999999999804,0.6389332054133591,0.0,0.03125,0.7474080683618594,0,0.001471009821232053,0.0,0.0
2025-11-17,1.0734226799205513,HALT,0.11952435682029011,0.0,reversal,0.0023999999999856003,0.6497737430859553,0.0,0.0,0.5780773120845328,0,0.002586842019520596,0.0,0.0
2025-11-18,1.0697574735007451,HALT,0.08125706151910843,0.0,consolidation,0.0023999999999856003,0.6389130257309745,0.0,0.03125,0.4846295946091166,0,0.007707399330381768,0.0,0.0
2025-11-19,1.0735975972225458,HALT,0.0922645582255136,0.0,expansion,0.1303999999876096,0.6444613615959864,0.0,0.03125,0.5825369852232716,0,-0.0005214622877209538,0.0,0.0
2025-11-20,1.078908234518462,HALT,0.08491369539514869,0.0,expansion,0.0003999999999996,0.6489602588708919,0.0,0.0,0.7179364352955623,0,-0.0006162337128927214,0.0,0.0
2025-11-21,1.081652955927767,HALT,0.0850234782643493,0.0,expansion,0.011599999999663602,0.6494563636659443,0.0,0.0,0.787915563734126,0,-0.0018454661589229948,0.0,0.0
2025-11-24,1.0761994548136762,HALT,0.09145592635237641,0.0,retracement,0.0607999999999984,0.618946919778853,0.0,0.0,0.6488736727760779,0,-0.0005492177455085768,0.0,0.0
2025-11-25,1.0780025215356757,HALT,0.14005354623344154,0.0,retracement,0.46,0.6346023495176297,0.0,0.0,0.6948444723240179,0,0.0009106020514772999,0.0,0.0
2025-11-26,1.0730377565634064,HALT,0.12031739135770855,0.0,retracement,0.17599999996636,0.6167614365132226,0.0,0.03125,0.5483532686206716,0,0.007441804597110366,0.0,0.0
2025-11-27,1.0782433748912341,HALT,0.10080428595387705,0.0,retracement,0.0671999999998704,0.6413635342095603,0.0,0.0,0.6028082139410751,0,-0.001850128053513735,0.0,0.0
2025-11-28,1.0796568020019033,HALT,0.08941496295254743,0.0,retracement,0.061199999999996396,0.6369527064726337,0.0,0.03125,0.6506768788279425,0,-0.00160378259657135,0.0,0.0
2025-12-01,1.0756083869753859,HALT,0.11410167738140306,0.0,reversal,0.1215999999999936,0.6511234700873879,0.0,0.03125,0.5016378109376968,0,0.005720704798952798,0.0,0.0
2025-12-02,1.0789841528432838,HALT,0.11019486503192008,0.0,accumulation,0.11199999999324001,0.6719734732280576,0.0,0.0,0.5769247746013142,0,0.001873147048387923,0.0,0.0
2025-12-03,1.081023093873073,HALT,0.09134652150076703,0.0,expansion,0.09199999997884001,0.6555412325829291,0.0,0.03125,0.6051238621897963,0,0.0001999424380611536,0.0,0.0
2025-12-04,1.0762484865748325,HALT,0.08598984855403863,0.0,expansion,0.0607999999999984,0.6811902114304118,0.0,0.0,0.3944255652529067,0,0.009840826849599834,0.0,0.0
2025-12-05,1.0779252672125827,HALT,0.12349650324896976,0.0,reversal,0.061199999999996396,0.6769368071726951,0.0,0.0,0.46842009561793263,0,0.0061112251227792855,0.0,0.0
2025-12-08,1.0817616250365498,HALT,0.08301233525937055,0.0,retracement,0.007199999999870402,0.6794331767905939,0.0,0.0,0.6377144499930582,0,0.0016433114465509747,0.0,0.0
2025-12-09,1.0810052488244395,HALT,0.11676317755373755,0.0,reversal,0.09199999997884001,0.6627371203493667,0.0,0.0,0.6043363793412678,0,0.004682024825251181,0.0,0.0
2025-12-10,1.0812392362660623,HALT,0.0871808259213491,0.0,retracement,0.0815999999833536,0.6504709838729608,0.0,0.0,0.7677401504604965,0,0.005572436641674859,0.0,0.0
2025-12-11,1.0868396615783593,HALT,0.11003269006784938,0.0,retracement,0.46,0.6867143767945034,0.0,0.0,0.8820279113899344,0,-0.0029099657730064783,0.0,0.0
2025-12-12,1.0845127111860509,HALT,0.0726989197697085,0.0,expansion,0.07799999999919,0.6668116128390738,0.0,0.0,0.77693221232309,0,-0.001627460012698598,0.0,0.0
2025-12-15,1.083539296297412,HALT,0.07463374983050693,0.0,expansion,0.02199999999879,0.6396199138605618,0.0,0.03125,0.7329683536427637,0,-0.000397837382104198,0.0,0.0
2025-12-16,1.0860665422356623,HALT,0.07938215776210611,0.0,retracement,0.0603999999999996,0.6424446924676558,0.0,0.03125,0.7558554021596514,0,0.006483456225809197,0.0,0.0
2025-12-17,1.0872643734046479,HALT,0.07696052757366977,0.0,retracement,0.0603999999999996,0.6826181320913141,0.0,0.0,0.7871223092367534,0,0.008412067286176722,0.0,0.0
2025-12-18,1.0836769953624203,HALT,0.10856621446814121,0.0,reversal,0.0003999999999996,0.6821613557571236,0.0,0.0,0.599490920860811,0,0.012694985359792469,0.0,0.0
2025-12-19,1.0827477101153322,HALT,0.08873823692222277,0.0,distribution,0.0107999999997084,0.6578556136190236,0.0,0.03125,0.5508863190998664,0,0.013111369013961184,0.0,0.0
2025-12-22,1.083108223860366,HALT,0.07299260391712534,0.0,consolidation,0.0003999999999996,0.6573570630872204,0.0,0.03125,0.569742345343282,0,0.007908657515963483,0.0,0.0
2025-12-23,1.0931080071205632,HALT,0.08293715632851484,0.0,accumulation,0.0067999999998844,0.6731765027199731,0.0,0.0,0.9680638441305551,0,-0.0005611125819170932,0.0,0.0
2025-12-24,1.0964105144715905,HALT,0.08006489810818199,0.0,retracement,0.0015999999999936005,0.6698834972892866,0.0,0.0,0.8375183848731099,0,-0.002489326149669128,0.0,0.0
2025-12-25,1.0974342589532902,HALT,0.07941825224859109,0.0,retracement,0.0023999999999856003,0.6811571068606939,0.0,0.0,0.8702228720882709,0,-0.006850186055606862,0.0,0.0
2025-12-26,1.0969440148916758,HALT,0.09088493586777219,0.0,reversal,0.0027999999999804,0.6743814584503045,0.0,0.0,0.5272213388448564,0,0.002157403637423531,0.0,0.0
2025-12-29,1.0916741558556011,HALT,0.07605633015192931,0.0,retracement,0.0035999999999676,0.6748466679895715,0.0,0.03125,0.3971774258730951,0,0.010132396099967187,0.0,0.0
2025-12-30,1.0924946504643736,HALT,0.13644691322967012,0.0,reversal,0.46,0.6614324045995503,0.0,0.03125,0.4162449157767556,0,0.005857187447521331,0.0,0.0
2025-12-31,1.0936811911071442,HALT,0.06941600491737436,0.0,expansion,0.0603999999999996,0.658171692057792,0.0,0.03125,0.4438189564644355,0,0.0013006368939027283,0.0,0.0
2026-01-01,1.089916630095663,HALT,0.08552520533240979,0.0,retracement,0.1451999999984124,0.6774049833230077,0.0,0.0,0.3401773467135254,0,0.007918145295276074,0.0,0.0
2026-01-02,1.099310565899453,HALT,0.06859322284945,0.0,consolidation,0.0003999999999996,0.6713184157824716,0.0,0.03125,0.556831927543668,0,-0.005903566946784615,0.0,0.0
2026-01-05,1.1027354308148274,HALT,0.08840530712438244,0.0,distribution,0.0003999999999996,0.6608074448740314,0.0,0.03125,0.6397545759592214,0,-0.009267168505470642,0.0,0.0
2026-01-06,1.0988935964175577,HALT,0.09996007112603918,0.0,distribution,0.1787999999647164,0.6639099016988828,0.0,0.0,0.49537397160847424,0,-0.002291374876282043,0.0,0.0
2026-01-07,1.0951036732144657,HALT,0.08907229800101253,0.0,distribution,0.0603999999999996,0.6507807584314045,0.0,0.03125,0.3932144570768407,0,0.0034569982854292876,0.0,0.0
2026-01-08,1.0985467483324982,HALT,0.0972789662258277,0.0,consolidation,0.46,0.667816651741439,0.0,0.03125,0.4860244861210128,0,-0.0023036000929844034,0.0,0.0
2026-01-09,1.092820712378358,HALT,0.07944150948749208,0.0,consolidation,0.0663999999998976,0.6320914187304221,0.0,0.0,0.3316759619112355,0,0.006454422955082657,0.0,0.0
2026-01-12,1.0925161957605136,HALT,0.1341680186316754,0.0,retracement,0.52,0.6448382966473745,0.0,0.03125,0.3234675449648407,0,0.006459196147618031,0.0,0.0
2026-01-13,1.0963756192390193,HALT,0.08071469651647988,0.0,retracement,0.0615999999999936,0.6544158550389242,0.0,0.0,0.427500478564776,0,-0.0005807739884719891,0.0,0.0
2026-01-14,1.0988894447351354,HALT,0.11148293349919407,0.0,retracement,0.2387999999647164,0.6600835888781988,0.0,0.0,0.495262060670436,0,0.008534437899238424,0.0,0.0
2026-01-15,1.0960161359408918,HALT,0.11170509171867618,0.0,distribution,0.15199999999744,0.6379097851866403,0.0,0.0,0.41781040379255485,0,0.007598451118685532,0.0,0.0
2026-01-16,1.0998742394701226,HALT,0.11385338021411118,0.0,reversal,0.1267999999998844,0.6600299391040785,0.0,0.0,0.49350510973388706,0,0.007052123579776609,0.0,0.0
2026-01-19,1.0995729721633802,HALT,0.11440745454963912,0.0,reversal,0.1215999999999936,0.6691602001158055,0.0,0.0,0.47715559910517913,0,0.008507247270537038,0.0,0.0
2026-01-20,1.0957388727977704,HALT,0.11557795341657902,0.0,reversal,0.12039999999999959,0.6736949235001628,0.0,0.0,0.28577998502145574,0,0.0109582106669018,0.0,0.0
2026-01-21,1.108267848459356,HALT,0.08257189044528448,0.0,consolidation,0.0003999999999996,0.6690869665290435,0.0,0.03125,0.6948445258968377,0,-0.0022705406122239687,0.0,0.0
2026-01-22,1.1043441609751292,HALT,0.10938956314492419,0.0,accumulation,0.0107999999997084,0.6785876556979746,0.0,0.0,0.566738169668943,0,0.010894843848507271,0.0,0.0
2026-01-23,1.1076306885290788,HALT,0.08412840359985026,0.0,expansion,0.0623999999902656,0.6625364076841151,0.0,0.0,0.9257523432292285,0,0.003409563792072757,0.0,0.0
2026-01-26,1.1089273113295735,HALT,0.08389688929658777,0.0,retracement,0.0051999999999324,0.6698807869383593,0.0,0.0,0.8860524134496667,0,-0.005385004063864469,0.0,0.0
2026-01-27,1.1077462102018019,HALT,0.07987675538485085,0.0,consolidation,0.0835999999825276,0.6699651033385369,0.0,0.0,0.838356414017129,0,-0.0012581469696074077,0.0,0.0
2026-01-28,1.105751481300207,HALT,0.07834370780488698,0.0,consolidation,0.045599999994801604,0.6719306985106148,0.0,0.0,0.7578039648479021,0,-0.0016655426386029916,0.0,0.0
2026-01-29,1.116375818163964,HALT,0.1289582092988131,0.0,reversal,0.0015999999999936005,0.6223596928621549,0.0,0.09375,0.9771875928242044,0,-0.007087699442054777,0.0,0.0
2026-01-30,1.1114072260196761,HALT,0.07666751864882945,0.0,consolidation,0.0007999999999984001,0.6684771938201695,0.0,0.0,0.8062200294809221,0,-0.004987828998176135,0.0,0.0
2026-02-02,1.1029557332515334,HALT,0.09677607691504075,0.0,accumulation,0.00399999999996,0.694740526970202,0.0,0.0,0.5154070419742128,0,-0.003477931120610487,0.0,0.0
2026-02-03,1.1063525026643424,HALT,0.08350347842760628,0.0,expansion,0.009599999999769602,0.6798752639218684,0.0,0.03125,0.6322887205025222,0,-0.00800269990498596,0.0,0.0
2026-02-04,1.103909805060403,HALT,0.12353194814897886,0.0,reversal,0.05319999999292441,0.6899015112996991,0.0,0.0,0.5364957438735806,0,-0.003650573350442123,0.0,0.0
2026-02-05,1.1084632819004399,HALT,0.10532608462604068,0.0,distribution,0.00599999999991,0.6705156858512438,0.0,0.03125,0.6972512759953876,0,-0.0031964026923199666,0.0,0.0
2026-02-06,1.1058637168289527,HALT,0.0988478455179602,0.0,consolidation,0.0003999999999996,0.6743474004368091,0.0,0.0,0.6054764671992139,0,0.0018102774667391232,0.0,0.0
2026-02-09,1.0991197291822021,HALT,0.11742192407033163,0.0,distribution,0.1315999999996636,0.6934748983625019,0.0,0.0,0.2692837120173589,1,0.012848011917576561,0.0,0.0
2026-02-10,1.0974986955963895,HALT,0.12433131821124101,0.0,distribution,0.12999999999974998,0.6961616854461211,0.0,0.0,0.20004673810336404,1,0.014541405622757126,0.0,0.0
2026-02-11,1.0998799013447578,HALT,0.11512931765635796,0.0,distribution,0.1267999999998844,0.6942897818596805,0.0,0.0,0.29753111621993866,0,0.014406076819239961,0.0,0.0
2026-02-12,1.1049201868818355,HALT,0.11473706985394039,0.0,distribution,0.034799999996972406,0.6782867679554138,0.0,0.03125,0.5038757806609157,0,0.012129878053170817,0.0,0.0
2026-02-13,1.1078656369968125,HALT,0.08921378831787848,0.0,expansion,0.0035999999999676,0.6595249293657539,0.0,0.03125,0.6244598053419773,0,0.008983138642506702,0.0,0.0
2026-02-16,1.1132412325615786,HALT,0.132669250094266,0.0,expansion,0.46,0.6734470757422523,0.0,0.0,0.8445317546040381,0,-0.0011175046960022383,0.0,0.0
2026-02-17,1.1134578692995034,HALT,0.10159651471320547,0.0,retracement,0.09399999999711,0.6850591429640532,0.0,0.0,0.8318812623963135,0,0.002042415120276929,0.0,0.0
2026-02-18,1.1157248556954684,HALT,0.10733228187967601,0.0,retracement,0.061199999999996396,0.6714906895610064,0.0,0.03125,0.8582903757027721,0,0.0016901864053423896,0.0,0.0
2026-02-19,1.1183227340071988,HALT,0.10750208184275169,0.0,retracement,0.0003999999999996,0.6423572338856094,0.0,0.03125,0.9337592407920087,0,0.001542592680512718,0.0,0.0
2026-02-20,1.1178177476112239,HALT,0.16188387005680774,0.0,accumulation,0.46,0.6612880597334271,0.0,0.09375,0.6507046437199453,0,0.004738095988893747,0.0,0.0
2026-02-23,1.1119971802564077,HALT,0.10875073815640053,0.0,accumulation,0.09199999999743999,0.7070198111423949,0.0,0.03125,0.4685965576908515,0,0.006876303491624472,0.0,0.0
2026-02-24,1.115732012487552,HALT,0.10574367420309584,0.0,accumulation,0.1211999999999964,0.6543212314819455,0.0,0.0625,0.5854482506260237,0,-0.0031964046343956314,0.0,0.0
2026-02-25,1.1176106386786675,HALT,0.10656454605588767,0.0,accumulation,0.0951999999969024,0.6712076111606045,0.0,0.03125,0.6442248267178857,0,-0.003731642040482031,0.0,0.0
2026-02-26,1.1200478504711293,HALT,0.13899692678893283,0.0,accumulation,0.52,0.6540511235667391,0.0,0.03125,0.7204778700583274,0,-0.010920542916574278,0.0,0.0
2026-02-27,1.1231140753974949,HALT,0.07596365173379384,0.0,consolidation,0.004399999999951601,0.6283307740756754,0.0,0.09375,0.8164108468003797,0,-0.009221729506305615,0.0,0.0
2026-03-02,1.1196436103496814,HALT,0.09480761289438623,0.0,retracement,0.1343999999994816,0.6722281357639579,0.0,0.0,0.7078304097120204,0,-0.005368882473315817,0.0,0.0
2026-03-03,1.1121656815120933,HALT,0.09713199150098212,0.0,retracement,0.0607999999999984,0.6653692436494387,0.0,0.03125,0.4738684563384993,0,-0.007618786825193914,0.0,0.0
2026-03-04,1.1134401158344842,HALT,0.11220246971240838,0.0,reversal,0.0751999999994224,0.6824678602854992,0.0,0.03125,0.5137416819319395,0,-0.005176017949486104,0.0,0.0
2026-03-05,1.1078163198514426,HALT,0.11691656324569649,0.0,reversal,0.0831999999986544,0.6909987621900597,0.0,0.0,0.3377899816492508,0,-0.007142030284106316,0.0,0.0
2026-03-06,1.1127570211894546,HALT,0.08599367676866104,0.0,consolidation,0.1015999999956736,0.6827603129595086,0.0,0.03125,0.49236970033634314,0,-0.009231888276509349,0.0,0.0
2026-03-09,1.113632375393715,HALT,0.12319460540157277,0.0,expansion,0.52,0.6614818182383739,0.0,0.03125,0.5197569066030083,0,-0.010470145937520332,0.0,0.0
2026-03-10,1.1036923282703561,HALT,0.09717166292274865,0.0,reversal,0.015599999999391604,0.6861280681608024,0.0,0.03125,0.1967276484378624,0,0.00887098126513218,0.0,0.0
2026-03-11,1.107676929809247,HALT,0.09601336600151017,0.0,accumulation,0.0835999999825276,0.6822656233960632,0.0,0.03125,0.2888079669611684,0,0.0016538337511984864,0.0,0.0
2026-03-12,1.0999042621458364,HALT,0.09814962661428986,0.0,accumulation,0.1267999999998844,0.6631181104078023,0.0,0.03125,0.17143594676654209,0,0.0007250939779511127,0.0,0.0
2026-03-13,1.1024841726909322,HALT,0.14500378009579556,0.0,distribution,0.5800000000000001,0.6594886644041296,0.0,0.03125,0.24495000609240225,0,,0.0,0.0
2026-03-16,1.1019724819025953,HALT,0.14410674761722955,0.0,distribution,0.5800000000000001,0.6628917903250117,0.0,0.03125,0.23036947459226936,0,,0.0,0.0
2026-03-17,1.1134831622369126,HALT,0.10011078408577508,0.0,distribution,0.15399999999711,0.6741273866655977,0.0,0.03125,0.5583641171144822,0,,0.0,0.0
2026-03-18,1.1095088433011895,HALT,0.09383067867763566,0.0,distribution,0.07399999999951,0.6881026259782781,0.0,0.03125,0.44511665643177906,0,,0.0,0.0
2026-03-19,1.100701796102641,HALT,0.10068441891246514,0.0,distribution,0.1835999999999676,0.6643447082439705,0.0,0.03125,0.19416152487868957,0,,0.0,0.0
